{
    "fileName": "Vendor6036.json",
    "name": "Vendor6036",
    "version": "0.0.18",
    "frcYear": "2025",
    "uuid": "75b19be2-5cc0-4c29-a54c-8b03149902ef",
    "mavenUrls": [
        "https://12jeef.github.io/Vendor6036/releases/repos"
    ],
    "jsonUrl": "https://12jeef.github.io/Vendor6036/releases/Vendor6036.json",
    "javaDependencies": [
        {
            "groupId": "com.peninsula.jni",
            "artifactId": "Vendor6036-java",
            "version": "0.0.18"
        }
    ],
    "jniDependencies": [
        {
            "groupId": "com.peninsula.jni",
            "artifactId": "Vendor6036-driver",
            "version": "0.0.18",
            "skipInvalidPlatforms": true,
            "isJar": false,
            "validPlatforms": [
                "windowsx86-64",
                "linuxarm64",
                "linuxx86-64",
                "linuxathena",
                "linuxarm32",
                "osxuniversal"
            ]
        }
    ],
    "cppDependencies": [
        {
            "groupId": "com.peninsula.jni",
            "artifactId": "Vendor6036-cpp",
            "version": "0.0.18",
            "libName": "Vendor",
            "headerClassifier": "headers",
            "sharedLibrary": false,
            "skipInvalidPlatforms": true,
            "binaryPlatforms": [
                "windowsx86-64",
                "linuxarm64",
                "linuxx86-64",
                "linuxathena",
                "linuxarm32",
                "osxuniversal"
            ]
        },
        {
            "groupId": "com.peninsula.jni",
            "artifactId": "Vendor6036-driver",
            "version": "0.0.18",
            "libName": "VendorDriver",
            "headerClassifier": "headers",
            "sharedLibrary": false,
            "skipInvalidPlatforms": true,
            "binaryPlatforms": [
                "windowsx86-64",
                "linuxarm64",
                "linuxx86-64",
                "linuxathena",
                "linuxarm32",
                "osxuniversal"
            ]
        }
    ]
}
